[
    {
        "id":"1",
        "name":"Mỹ Diệu",
        "image":"cat.png",
        "energy": 80
    },
    {
        "id":"2",
        "name":"Gà Chíp",
        "image":"chick.png",
        "energy": 9
    },
    {
        "id":"3",
        "name":"Milu",
        "image":"dog.png",
        "energy": 61
    },
    {
        "id":"4",
        "name":"Cáo Lửa",
        "image":"fox.png",
        "energy": 75
    },
    {
        "id":"5",
        "name":"Cao Cổ",
        "image":"giraffe.png",
        "energy": 32
    },
    {
        "id":"6",
        "name":"Nhím Nhỏ",
        "image":"hedgehog.png",
        "energy": 12
    },
    {
        "id":"7",
        "name":"Gấu Túi",
        "image":"koala.png",
        "energy": 42
    },
    {
        "id":"8",
        "name":"Sư Tử",
        "image":"lion.png",
        "energy": 74
    },
    {
        "id":"9",
        "name":"Khỉ Khô",
        "image":"monkey.png",
        "energy": 78
    },
    {
        "id":"10",
        "name":"Cú Vọ",
        "image":"owl.png",
        "energy": 84
    },
    {
        "id":"11",
        "name":"Gấu Trúc",
        "image":"panda.png",
        "energy": 63
    },
    {
        "id":"12",
        "name":"Bé Heo",
        "image":"pig.png",
        "energy": 6
    },
    {
        "id":"13",
        "name":"Hổ Báo",
        "image":"tiger.png",
        "energy": 73
    },
    {
        "id":"14",
        "name":"Ngựa Vằn",
        "image":"zebra.png",
        "energy": 39
    },
    {
        "id":"15",
        "name":"Bọ rùa",
        "image":"ladybug.png",
        "energy": 72
    },
    {
        "id":"16",
        "name":"Ong Nâu",
        "image":"bee.png",
        "energy": 34
    },
    {
        "id":"17",
        "name":"Cự Giải",
        "image":"crab.png",
        "energy": 69
    },
    {
        "id":"18",
        "name":"Cá Voi",
        "image":"whale.png",
        "energy": 100
    }
]